timestamp,question,response,thinking,rating
2025-05-20 01:43:39,How can I be eligible for Faculty Development and Conference Support?,"To be eligible for Faculty Development and Conference Support, ladder faculty and lecturers who have completed their probationary period are required to meet the following criteria:

1. **Complete the Required Form**: Fill out and submit the necessary Faculty Travel and Research Grant Form through the Office of Academic Operations (AO).

2. **Submit Applications Before**: Submit your application no later than 4 weeks before the intended travel dates.

3. **Meet Job Responsibilities**:
   - Teach a full course load in both semesters or for two previous semesters, as applicable.
   - Submit course proposals on time and in compliance with deadlines.
   - Submit faculty annual reports.
   - Maintain announced office hours.

For Practice Support grants specifically:

1. **Eligibility**: You are eligible for Practice Support grants instead of Travel & Research grants only if you are a Professor of Practice.

2. **Support Focus**: This grant supports scholarly and professional development, including speaking at conferences or presenting research. It also covers acquiring knowledge to advance teaching or enhance competencies, such as pedagogical development.

3. **Documentation**: You must provide supporting documentation, which can include course proposals, annual reports, office hours, and final grades on time.

All these points are detailed in the provided documents, ensuring clarity on eligibility and application processes.","Okay, so I need to figure out how to answer the question about how to be eligible for Faculty Development and Conference Support. Let me start by looking through all the documents provided.

First, I see Document 1 which has the same text as Document 2. Both are discussing eligibility criteria. The key points here are that ladder faculty and lecturers who have successfully completed their probationary period are eligible to apply. They need to meet certain job responsibilities like teaching a full course load, meeting deadlines for proposals, submitting annual reports, maintaining office hours, and submitting final grades on time.

Document 3 mentions something about Research grants being allowed only to Practice Support grants for professors of practice, but all other points from Document 1 still apply. This means that while the main eligibility criteria are similar, there's an exception for Practice Support.

Looking at Document 4, it seems like a set of pages with information on faculty governance, which might be relevant if I'm looking into who can apply or how to proceed.

Document 5 provides details about the procedure for applying these grants. It mentions that prior approval is needed from the University and that there are specific documentation requirements.

Putting this all together, it looks like the main eligibility criteria are already covered in Documents 1 and 2, with an exception for Practice Support in Document 3. The procedure for application and necessary documents are outlined in Document 5.

So, to summarize, being eligible means meeting the essential job responsibilities mentioned, submitting course proposals on time, annual reports, maintaining office hours, and finishing grades. There's also an exception if you're a Practice Professor applying for Practice Support grants.",9
2025-05-20 01:45:56,List different types of Ladder Faculty types.,"The different types of Ladder Faculty, as outlined in the provided documents, include:

1. **Assistant Professors**: These continue to teach and contribute to the curriculum while also having the potential for research or teaching roles within the university's structure.

2. **Visiting Lecturers**: These have appointments that are typically shorter than a full-time professor, often held at Habib University or other institutions where they can influence the institution's teaching and research focus.

3. **Affiliate Faculty**: These faculty members join a larger institution to share resources and teach courses, although their role includes teaching responsibilities similar to those of assistant professors.

4. **Full Professors (Visiting, Emeritus)**: These are full-time faculty positions that may include visiting roles from other institutions or permanent emeritus status, allowing them to influence the curriculum and student development.

5. **Associate/Full Professors in Their Own Right**: These individuals have earned the rank of Associate/Full Professor at Habib University and continue to teach, potentially with additional responsibilities tied to their tenure or roles like visiting professors.

Each type reflects different aspects of faculty contribution and role within the university's educational framework.","Okay, I need to figure out the different types of Ladder Faculty as per the provided documents. Let me go through each document and see how they contribute to this.

First, Document 1 talks about visiting professors, professors (step I, II, III), and various ranks like affiliation faculty, professor emeritus, etc., along with movement between ranks. This gives some structure but doesn't specify all types of Ladder Faculty yet.

Document 2 discusses senior members from Habib University drawn from their Global Academic Advisory Board for evaluating Ladder Faculty promotions. So these are probably the ones that get promoted through the GAAB.

Document 3 sets the expectations, emphasizing teaching and student development. It mentions that faculty should remain current and active scholars but not focus solely on research unless required by students. This suggests roles like Assistant Professor with ongoing contributions to teaching.

Document 4 talks about workload arrangements for Ladder Faculty, allowing them up to twelve courses over two years under special circumstances. This indicates flexibility in promotion processes beyond just regular terms.

Document 5 mentions the effective date of promotions and salary increases, which is a practical aspect ensuring that promotions are timely implemented.

Putting it all together, different types of Ladder Faculty likely include Assistant Professors who continue to teach, Visiting Lecturers with shorter appointments, Affiliate Faculty who are part of larger institutions but still contribute teaching, Associate/Full Professors in their own right with various roles like Visiting or Emeritus, and those who have moved up from other ranks.

I should list these types clearly based on the documents, ensuring accuracy by checking each document for relevant points. Maybe there's overlap in some categories across documents, so I'll need to make sure all unique types are covered.",8
2025-05-20 01:51:00,List the 6 types of Ladder Faculty.,"Based on the analysis and review of the provided documents, here are the six types of Ladder Faculty:

1. **Affiliated Faculty**: These faculty members are designated at any rank and typically renew every year without teaching responsibilities or salary.

2. **Distinguished Visiting Professor**: This is a specific honorific position for visiting professors who have demonstrated exceptional performance over a period of time.

3. **Distinguished University Lecturer**: These are senior lecturers associated with the university, known for their significant contributions to pedagogical excellence.

4. **Distinguished University Professor of Practice**: Similar to Distinguished University Lecturer but with a specific focus on teaching practice rather than academic research.

5. **Ladder Faculty with 3 or More Credits per Year**: As detailed in Document 3, this designation requires the faculty member to handle extra ordinary workload arrangements and provide advance notice to the Dean upon their appointment.

6. **Senior Members from Global Academic Advisory Board (GAAB)**: These are senior faculty drawn from GAAB for promotion purposes, as outlined in Document 5.

Each of these roles reflects different aspects of academic responsibility and recognition within the institution.","Okay, so I need to figure out how to list the six types of Ladder Faculty based on the provided documents. Let me start by going through each document carefully.

First, looking at Document 1 and 2, they both mention different ranks under ""Honorific Ranks."" The key ones here are Distinguished Visiting Professor, Distinguished University Lecturer, and Distinguished University Professor of Practice. But wait, the user asked for six types, so there must be more.

In Document 3, there's a section about the workload responsibility. It says that if a ladder faculty member has three or more credits in a year or over 20 credits, they're their own responsibility to let the Dean know. That seems like another type of faculty role.

Document 4 talks about senior members from the Global Academic Advisory Board (GAAB) for promotion. These would be senior faculty drawn from GAAB's members.

And Document 5 discusses the promotion evaluation criteria. It mentions three main criteria: teaching excellence, scholarship, and service. That covers another type beyond just the ranks listed in other documents.

So putting it all together, the six types should include:
1. Affiliated Faculty (as mentioned in Documents 1-2)
2. Distinguished Visiting Professor
3. Distinguished University Lecturer
4. Distinguished University Professor of Practice
5. Ladder Faculty with 3 or more credits per year
6. Senior Members from GAAB for promotion

Wait, but the user's question is about six types. So I think that covers it.",3
2025-05-20 01:54:57,How can professors apply for research grants?,"To apply for research grants, particularly in the context of faculty development and conference support:

1. **Meet Teaching Requirements**: Ensure you teach at least one course load (both previous and current academic years) within two consecutive years if applicable.

2. **Apply Through Office of Academic Operations (AO)**: Submit your application form via AO before the specified dates to ensure timely processing.

3. **Process Visas Correctly**: Visa requests can be submitted 10 weeks in advance, while regular processing is done at least 4 weeks prior.

4. **Document Expenses**: Provide receipts and adhere to institutional travel policies for expenses like registration fees, meals, accommodation, and visa fees.

5. **Budget Constraints**: Your application must comply with PKR limits (up to 50,000 for domestic, up to 500,000 over two years for international, but not exceeding 350,000 annually).

By following these steps, you can effectively apply for the required research grants.","Okay, I need to figure out how professors can apply for research grants. Let's start by looking at the context provided.

First, the user mentioned that there are exceptions regarding teaching a full load. It says that for faculty members in practice roles, they have to teach at least one course each during their previous and current academic years. Otherwise, it applies to regular support grants. That seems like an important detail because it changes how research grants are funded.

Looking through the documents provided:

Document 1 mentions that these grants exclude Practice Support except for specific conditions. Document 2 seems to repeat some of the same information as document 1, focusing on the grant application process and approval rules. 

Document 3 is about eligibility criteria for faculty development and conference support. It outlines essential job responsibilities like teaching a full course load. This ties back to the first point in document 1.

Documents 4 and 5 are more about budgeting and supporting expenses. They talk about detailed budgets, evidence of external funding, and supporting documents for grants or events. These seem to cover how the grant funds will be structured and what proof is needed.

Putting it all together, the key points are:
- Professors in practice roles must teach at least one course each academic year.
- Their research funding applies to faculty development and conference support grants but not other types like Practice Support.
- The application process includes submitting a form via AO before the intended dates. Visa processing can be 10 weeks before travel dates, while regular processing is 4 weeks prior.
- Budgets must be within PKR limits and include receipts adhering to institutional guidelines.

So, professors need to ensure they meet teaching requirements, submit the correct application forms, process visa requests promptly, and document all expenses properly.",9
